Invoice ID;Branch;City;Customer type;Gender;Id;Product line;Unit price;Quantity;Tax 5%;Total;Date;Time;Payment;cogs;gross margin percentage;gross income;Rating
750-67-8428;A;Yangon;Member;Female;4;Health and beauty;74.69;7;261.415;5.489.715;1/05/2019;13:08;Ewallet;522.83;4.761.904.762;261.415;9.1
226-31-3081;C;Naypyitaw;Normal;Female;1;Electronic accessories;15.28;5;3.82;80.22;3/08/2019;10:29;Cash;76.4;4.761.904.762;3.82;9.6
631-41-3108;A;Yangon;Normal;Male;5;Home and lifestyle;46.33;7;162.155;3.405.255;3/03/2019;13:23;Credit card;324.31;4.761.904.762;162.155;7.4
123-19-1176;A;Yangon;Member;Male;4;Health and beauty;58.22;8;23.288;489.048;1/27/2019;20:33;Ewallet;465.76;4.761.904.762;23.288;8.4
373-73-7910;A;Yangon;Normal;Male;6;Sports and travel;86.31;7;302.085;6.343.785;2/08/2019;10:37;Ewallet;604.17;4.761.904.762;302.085;5.3
699-14-3026;C;Naypyitaw;Normal;Male;1;Electronic accessories;85.39;7;298.865;6.276.165;3/25/2019;18:30;Ewallet;597.73;4.761.904.762;298.865;4.1
355-53-5943;A;Yangon;Member;Female;1;Electronic accessories;68.84;6;20.652;433.692;2/25/2019;14:36;Ewallet;413.04;4.761.904.762;20.652;5.8
315-22-5665;C;Naypyitaw;Normal;Female;5;Home and lifestyle;73.56;10;36.78;772.38;2/24/2019;11:38;Ewallet;735.6;4.761.904.762;36.78;8
665-32-9167;A;Yangon;Member;Female;4;Health and beauty;36.26;2;3.626;76.146;1/10/2019;17:15;Credit card;72.52;4.761.904.762;3.626;7.2
692-92-5582;B;Mandalay;Member;Female;3;Food and beverages;54.84;3;8.226;172.746;2/20/2019;13:27;Credit card;164.52;4.761.904.762;8.226;5.9
351-62-0822;B;Mandalay;Member;Female;2;Fashion accessories;14.48;4;2.896;60.816;2/06/2019;18:07;Ewallet;57.92;4.761.904.762;2.896;4.5
529-56-3974;B;Mandalay;Member;Male;1;Electronic accessories;25.51;4;5.102;107.142;3/09/2019;17:03;Cash;102.04;4.761.904.762;5.102;6.8
365-64-0515;A;Yangon;Normal;Female;1;Electronic accessories;46.95;5;117.375;2.464.875;2/12/2019;10:25;Ewallet;234.75;4.761.904.762;117.375;7.1
252-56-2699;A;Yangon;Normal;Male;3;Food and beverages;43.19;10;21.595;453.495;2/07/2019;16:48;Ewallet;431.9;4.761.904.762;21.595;8.2
829-34-3910;A;Yangon;Normal;Female;4;Health and beauty;71.38;10;35.69;749.49;3/29/2019;19:21;Cash;713.8;4.761.904.762;35.69;5.7
299-46-1805;B;Mandalay;Member;Female;6;Sports and travel;93.72;6;28.116;590.436;1/15/2019;16:19;Cash;562.32;4.761.904.762;28.116;4.5
656-95-9349;A;Yangon;Member;Female;4;Health and beauty;68.93;7;241.255;5.066.355;3/11/2019;11:03;Credit card;482.51;4.761.904.762;241.255;4.6
765-26-6951;A;Yangon;Normal;Male;6;Sports and travel;72.61;6;21.783;457.443;1/01/2019;10:39;Credit card;435.66;4.761.904.762;21.783;6.9
329-62-1586;A;Yangon;Normal;Male;3;Food and beverages;54.67;3;82.005;1.722.105;1/21/2019;18:00;Credit card;164.01;4.761.904.762;82.005;8.6
319-50-3348;B;Mandalay;Normal;Female;5;Home and lifestyle;40.3;2;4.03;84.63;3/11/2019;15:30;Ewallet;80.6;4.761.904.762;4.03;4.4
300-71-4605;C;Naypyitaw;Member;Male;1;Electronic accessories;86.04;5;21.51;451.71;2/25/2019;11:24;Ewallet;430.2;4.761.904.762;21.51;4.8
371-85-5789;B;Mandalay;Normal;Male;4;Health and beauty;87.98;3;13.197;277.137;3/05/2019;10:40;Ewallet;263.94;4.761.904.762;13.197;5.1
273-16-6619;B;Mandalay;Normal;Male;5;Home and lifestyle;33.2;2;3.32;69.72;3/15/2019;12:20;Credit card;66.4;4.761.904.762;3.32;4.4
636-48-8204;A;Yangon;Normal;Male;1;Electronic accessories;34.56;5;8.64;181.44;2/17/2019;11:15;Ewallet;172.8;4.761.904.762;8.64;9.9
549-59-1358;A;Yangon;Member;Male;6;Sports and travel;88.63;3;132.945;2.791.845;3/02/2019;17:36;Ewallet;265.89;4.761.904.762;132.945;6
227-03-5010;A;Yangon;Member;Female;5;Home and lifestyle;52.59;8;21.036;441.756;3/22/2019;19:20;Credit card;420.72;4.761.904.762;21.036;8.5
649-29-6775;B;Mandalay;Normal;Male;2;Fashion accessories;33.52;1;1.676;35.196;2/08/2019;15:31;Cash;33.52;4.761.904.762;1.676;6.7
189-17-4241;A;Yangon;Normal;Female;2;Fashion accessories;87.67;2;8.767;184.107;3/10/2019;12:17;Credit card;175.34;4.761.904.762;8.767;7.7
145-94-9061;B;Mandalay;Normal;Female;3;Food and beverages;88.36;5;22.09;463.89;1/25/2019;19:48;Cash;441.8;4.761.904.762;22.09;9.6
848-62-7243;A;Yangon;Normal;Male;4;Health and beauty;24.89;9;112.005;2.352.105;3/15/2019;15:36;Cash;224.01;4.761.904.762;112.005;7.4
871-79-8483;B;Mandalay;Normal;Male;2;Fashion accessories;94.13;5;235.325;4.941.825;2/25/2019;19:39;Credit card;470.65;4.761.904.762;235.325;4.8
149-71-6266;B;Mandalay;Member;Male;6;Sports and travel;78.07;9;351.315;7.377.615;1/28/2019;12:43;Cash;702.63;4.761.904.762;351.315;4.5
640-49-2076;B;Mandalay;Normal;Male;6;Sports and travel;83.78;8;33.512;703.752;1/10/2019;14:49;Cash;670.24;4.761.904.762;33.512;5.1
595-11-5460;A;Yangon;Normal;Male;4;Health and beauty;96.58;2;9.658;202.818;3/15/2019;10:12;Credit card;193.16;4.761.904.762;9.658;5.1
183-56-6882;C;Naypyitaw;Member;Female;3;Food and beverages;99.42;4;19.884;417.564;2/06/2019;10:42;Ewallet;397.68;4.761.904.762;19.884;7.5
232-16-2483;C;Naypyitaw;Member;Female;6;Sports and travel;68.12;1;3.406;71.526;1/07/2019;12:28;Ewallet;68.12;4.761.904.762;3.406;6.8
129-29-8530;A;Yangon;Member;Male;6;Sports and travel;62.62;5;15.655;328.755;3/10/2019;19:15;Ewallet;313.1;4.761.904.762;15.655;7
272-65-1806;A;Yangon;Normal;Female;1;Electronic accessories;60.88;9;27.396;575.316;1/15/2019;17:17;Ewallet;547.92;4.761.904.762;27.396;4.7
333-73-7901;C;Naypyitaw;Normal;Female;4;Health and beauty;54.92;8;21.968;461.328;3/23/2019;13:24;Ewallet;439.36;4.761.904.762;21.968;7.6
777-82-7220;B;Mandalay;Member;Male;5;Home and lifestyle;30.12;8;12.048;253.008;3/03/2019;13:01;Cash;240.96;4.761.904.762;12.048;7.7
280-35-5823;B;Mandalay;Member;Female;5;Home and lifestyle;86.72;1;4.336;91.056;1/17/2019;18:45;Ewallet;86.72;4.761.904.762;4.336;7.9
554-53-8700;C;Naypyitaw;Member;Male;5;Home and lifestyle;56.11;2;5.611;117.831;2/02/2019;10:11;Cash;112.22;4.761.904.762;5.611;6.3
354-25-5821;B;Mandalay;Member;Female;6;Sports and travel;69.12;6;20.736;435.456;2/08/2019;13:03;Cash;414.72;4.761.904.762;20.736;5.6
228-96-1411;C;Naypyitaw;Member;Female;3;Food and beverages;98.7;8;39.48;829.08;3/04/2019;20:39;Cash;789.6;4.761.904.762;39.48;7.6
617-15-4209;C;Naypyitaw;Member;Male;4;Health and beauty;15.37;2;1.537;32.277;3/16/2019;19:47;Cash;30.74;4.761.904.762;1.537;7.2
132-32-9879;B;Mandalay;Member;Female;1;Electronic accessories;93.96;4;18.792;394.632;3/09/2019;18:00;Cash;375.84;4.761.904.762;18.792;9.5
370-41-7321;B;Mandalay;Member;Male;4;Health and beauty;56.69;9;255.105;5.357.205;2/27/2019;17:24;Credit card;510.21;4.761.904.762;255.105;8.4
727-46-3608;B;Mandalay;Member;Female;3;Food and beverages;20.01;9;90.045;1.890.945;2/06/2019;15:47;Ewallet;180.09;4.761.904.762;90.045;4.1
669-54-1719;B;Mandalay;Member;Male;1;Electronic accessories;18.93;6;5.679;119.259;2/10/2019;12:45;Credit card;113.58;4.761.904.762;5.679;8.1
